Category,Subcategory
Développement professionnel,Gestion d'entreprise
Développement professionnel,Marketing
Développement professionnel,Ressources humaines
Développement professionnel,Comptabilité
Développement professionnel,Finance
Développement professionnel,Entrepreneuriat
Développement professionnel,Industrie
Développement professionnel,Business Intelligence
Développement professionnel,Gestion de projet
Développement personnel,Amélioration personnelle
Développement personnel,Anglais
Développement personnel,Langues étrangères
Développement personnel,Management et Leadership
Développement personnel,Communication et Journalisme
Développement personnel,Développement de carrière
"Arts, Design et Créativité",Musique
"Arts, Design et Créativité",Film et théâtre
"Arts, Design et Créativité",Médias numériques
"Arts, Design et Créativité",Arts visuels
"Arts, Design et Créativité",Design et Créativité
Informatique,Intelligence artificielle
Informatique,Algorithmes et structures de données
Informatique,Internet des objets
Informatique,Technologies de l'information
Informatique,Cybersécurité
Informatique,Réseaux informatiques
Informatique,Machine Learning
Informatique,DevOps
Informatique,Apprentissage profond / Deep Learning
Informatique,Blockchain et Cryptomonnaie
Education et enseignement,Primaire et secondaire
Education et enseignement,Enseignement supérieur
Education et enseignement,Sciences de la vie et de la Terre (SVT)
Education et enseignement,Développement des enseignants
Education et enseignement,Développement de cours
Education et enseignement,Éducation en ligne
Education et enseignement,Préparation d'examen
Santé et médecine,Nutrition et bien-être
Santé et médecine,Maladies et troubles
Santé et médecine,Santé publique
Santé et médecine,Soins de santé
Santé et médecine,Soins infirmiers
Mathématiques,Statistiques et probabilités
Mathématiques,Fondements des mathématiques
Mathématiques,Calculs
Mathématiques,Algèbre et géométrie
Sciences,Sciences de l'environnement
Sciences,Chimie
Sciences,Physique
Sciences,Astronomie
Sciences,Biologie
Sciences,Mécanique quantique
Sciences,Changement climatique
Sciences humaines,Religion
Sciences humaines,Histoire
Sciences humaines,Sports
Sciences humaines,Littérature
Sciences humaines,Grammaire et écriture
Sciences humaines,Philosophie
Sciences humaines,Culture
Data science,Bioinformatique
Data science,Big Data
Data science,Exploration de données / Data Mining
Data science,L'analyse des données / Data analysis
Data science,Visualisation de données / Data visualisualization
Programmation,Développement mobile
Programmation,Développement web
Programmation,Bases de données
Programmation,Développement Android
Programmation,Développement iOS
Programmation,Développement de jeux vidéo
Programmation,Langages de programmation
Programmation,Développement de logiciels / Software
Ingénierie,Ingénierie électrique
Ingénierie,Ingénierie mécanique
Ingénierie,Génie civil
Ingénierie,Robotique
Ingénierie,Nanotechnologie
Ingénierie,Systèmes d’Information Géographique
Sciences sociales,Économie
Sciences sociales,Droit et juridique
Sciences sociales,Sociologie
Sciences sociales,Psychologie
Sciences sociales,Anthropologie
Sciences sociales,Science politique
Sciences sociales,Aménagement urbain
Sciences sociales,Droits de l'homme
Sciences sociales,Développement durable
